onnx/resnet_2b.onnx,vnnlib_properties_pgd_filtered/resnet2b_pgd_filtered/prop_0_eps_0.008.vnnlib,360
onnx/resnet_2b.onnx,vnnlib_properties_pgd_filtered/resnet2b_pgd_filtered/prop_1_eps_0.008.vnnlib,360
onnx/resnet_2b.onnx,vnnlib_properties_pgd_filtered/resnet2b_pgd_filtered/prop_2_eps_0.008.vnnlib,360
onnx/resnet_2b.onnx,vnnlib_properties_pgd_filtered/resnet2b_pgd_filtered/prop_3_eps_0.008.vnnlib,360
onnx/resnet_2b.onnx,vnnlib_properties_pgd_filtered/resnet2b_pgd_filtered/prop_4_eps_0.008.vnnlib,360
onnx/resnet_2b.onnx,vnnlib_properties_pgd_filtered/resnet2b_pgd_filtered/prop_5_eps_0.008.vnnlib,360
onnx/resnet_2b.onnx,vnnlib_properties_pgd_filtered/resnet2b_pgd_filtered/prop_6_eps_0.008.vnnlib,360
onnx/resnet_2b.onnx,vnnlib_properties_pgd_filtered/resnet2b_pgd_filtered/prop_7_eps_0.008.vnnlib,360
onnx/resnet_2b.onnx,vnnlib_properties_pgd_filtered/resnet2b_pgd_filtered/prop_8_eps_0.008.vnnlib,360
onnx/resnet_2b.onnx,vnnlib_properties_pgd_filtered/resnet2b_pgd_filtered/prop_9_eps_0.008.vnnlib,360
onnx/resnet_2b.onnx,vnnlib_properties_pgd_filtered/resnet2b_pgd_filtered/prop_10_eps_0.008.vnnlib,360
onnx/resnet_2b.onnx,vnnlib_properties_pgd_filtered/resnet2b_pgd_filtered/prop_11_eps_0.008.vnnlib,360
onnx/resnet_2b.onnx,vnnlib_properties_pgd_filtered/resnet2b_pgd_filtered/prop_12_eps_0.008.vnnlib,360
onnx/resnet_2b.onnx,vnnlib_properties_pgd_filtered/resnet2b_pgd_filtered/prop_13_eps_0.008.vnnlib,360
onnx/resnet_2b.onnx,vnnlib_properties_pgd_filtered/resnet2b_pgd_filtered/prop_14_eps_0.008.vnnlib,360
onnx/resnet_2b.onnx,vnnlib_properties_pgd_filtered/resnet2b_pgd_filtered/prop_15_eps_0.008.vnnlib,360
onnx/resnet_2b.onnx,vnnlib_properties_pgd_filtered/resnet2b_pgd_filtered/prop_16_eps_0.008.vnnlib,360
onnx/resnet_2b.onnx,vnnlib_properties_pgd_filtered/resnet2b_pgd_filtered/prop_17_eps_0.008.vnnlib,360
onnx/resnet_2b.onnx,vnnlib_properties_pgd_filtered/resnet2b_pgd_filtered/prop_18_eps_0.008.vnnlib,360
onnx/resnet_2b.onnx,vnnlib_properties_pgd_filtered/resnet2b_pgd_filtered/prop_19_eps_0.008.vnnlib,360
onnx/resnet_2b.onnx,vnnlib_properties_pgd_filtered/resnet2b_pgd_filtered/prop_20_eps_0.008.vnnlib,360
onnx/resnet_2b.onnx,vnnlib_properties_pgd_filtered/resnet2b_pgd_filtered/prop_21_eps_0.008.vnnlib,360
onnx/resnet_2b.onnx,vnnlib_properties_pgd_filtered/resnet2b_pgd_filtered/prop_22_eps_0.008.vnnlib,360
onnx/resnet_2b.onnx,vnnlib_properties_pgd_filtered/resnet2b_pgd_filtered/prop_23_eps_0.008.vnnlib,360
onnx/resnet_2b.onnx,vnnlib_properties_pgd_filtered/resnet2b_pgd_filtered/prop_24_eps_0.008.vnnlib,360
onnx/resnet_2b.onnx,vnnlib_properties_pgd_filtered/resnet2b_pgd_filtered/prop_25_eps_0.008.vnnlib,360
onnx/resnet_2b.onnx,vnnlib_properties_pgd_filtered/resnet2b_pgd_filtered/prop_26_eps_0.008.vnnlib,360
onnx/resnet_2b.onnx,vnnlib_properties_pgd_filtered/resnet2b_pgd_filtered/prop_27_eps_0.008.vnnlib,360
onnx/resnet_2b.onnx,vnnlib_properties_pgd_filtered/resnet2b_pgd_filtered/prop_28_eps_0.008.vnnlib,360
onnx/resnet_2b.onnx,vnnlib_properties_pgd_filtered/resnet2b_pgd_filtered/prop_29_eps_0.008.vnnlib,360
onnx/resnet_2b.onnx,vnnlib_properties_pgd_filtered/resnet2b_pgd_filtered/prop_30_eps_0.008.vnnlib,360
onnx/resnet_2b.onnx,vnnlib_properties_pgd_filtered/resnet2b_pgd_filtered/prop_31_eps_0.008.vnnlib,360
onnx/resnet_2b.onnx,vnnlib_properties_pgd_filtered/resnet2b_pgd_filtered/prop_32_eps_0.008.vnnlib,360
onnx/resnet_2b.onnx,vnnlib_properties_pgd_filtered/resnet2b_pgd_filtered/prop_33_eps_0.008.vnnlib,360
onnx/resnet_2b.onnx,vnnlib_properties_pgd_filtered/resnet2b_pgd_filtered/prop_34_eps_0.008.vnnlib,360
onnx/resnet_2b.onnx,vnnlib_properties_pgd_filtered/resnet2b_pgd_filtered/prop_35_eps_0.008.vnnlib,360
onnx/resnet_2b.onnx,vnnlib_properties_pgd_filtered/resnet2b_pgd_filtered/prop_36_eps_0.008.vnnlib,360
onnx/resnet_2b.onnx,vnnlib_properties_pgd_filtered/resnet2b_pgd_filtered/prop_37_eps_0.008.vnnlib,360
onnx/resnet_2b.onnx,vnnlib_properties_pgd_filtered/resnet2b_pgd_filtered/prop_38_eps_0.008.vnnlib,360
onnx/resnet_2b.onnx,vnnlib_properties_pgd_filtered/resnet2b_pgd_filtered/prop_39_eps_0.008.vnnlib,360
onnx/resnet_2b.onnx,vnnlib_properties_pgd_filtered/resnet2b_pgd_filtered/prop_40_eps_0.008.vnnlib,360
onnx/resnet_2b.onnx,vnnlib_properties_pgd_filtered/resnet2b_pgd_filtered/prop_41_eps_0.008.vnnlib,360
onnx/resnet_2b.onnx,vnnlib_properties_pgd_filtered/resnet2b_pgd_filtered/prop_42_eps_0.008.vnnlib,360
onnx/resnet_2b.onnx,vnnlib_properties_pgd_filtered/resnet2b_pgd_filtered/prop_43_eps_0.008.vnnlib,360
onnx/resnet_2b.onnx,vnnlib_properties_pgd_filtered/resnet2b_pgd_filtered/prop_44_eps_0.008.vnnlib,360
onnx/resnet_2b.onnx,vnnlib_properties_pgd_filtered/resnet2b_pgd_filtered/prop_45_eps_0.008.vnnlib,360
onnx/resnet_2b.onnx,vnnlib_properties_pgd_filtered/resnet2b_pgd_filtered/prop_46_eps_0.008.vnnlib,360
onnx/resnet_2b.onnx,vnnlib_properties_pgd_filtered/resnet2b_pgd_filtered/prop_47_eps_0.008.vnnlib,360
onnx/resnet_2b.onnx,vnnlib_properties_pgd_filtered/resnet2b_pgd_filtered/prop_48_eps_0.008.vnnlib,360
onnx/resnet_2b.onnx,vnnlib_properties_pgd_filtered/resnet2b_pgd_filtered/prop_49_eps_0.008.vnnlib,360
onnx/resnet_2b.onnx,vnnlib_properties_pgd_filtered/resnet2b_pgd_filtered/prop_50_eps_0.008.vnnlib,360
onnx/resnet_2b.onnx,vnnlib_properties_pgd_filtered/resnet2b_pgd_filtered/prop_51_eps_0.008.vnnlib,360
onnx/resnet_2b.onnx,vnnlib_properties_pgd_filtered/resnet2b_pgd_filtered/prop_52_eps_0.008.vnnlib,360
onnx/resnet_2b.onnx,vnnlib_properties_pgd_filtered/resnet2b_pgd_filtered/prop_53_eps_0.008.vnnlib,360
onnx/resnet_2b.onnx,vnnlib_properties_pgd_filtered/resnet2b_pgd_filtered/prop_54_eps_0.008.vnnlib,360
onnx/resnet_2b.onnx,vnnlib_properties_pgd_filtered/resnet2b_pgd_filtered/prop_55_eps_0.008.vnnlib,360
onnx/resnet_2b.onnx,vnnlib_properties_pgd_filtered/resnet2b_pgd_filtered/prop_56_eps_0.008.vnnlib,360
onnx/resnet_2b.onnx,vnnlib_properties_pgd_filtered/resnet2b_pgd_filtered/prop_57_eps_0.008.vnnlib,360
onnx/resnet_2b.onnx,vnnlib_properties_pgd_filtered/resnet2b_pgd_filtered/prop_58_eps_0.008.vnnlib,360
onnx/resnet_2b.onnx,vnnlib_properties_pgd_filtered/resnet2b_pgd_filtered/prop_59_eps_0.008.vnnlib,360
onnx/resnet_2b.onnx,vnnlib_properties_pgd_filtered/resnet2b_pgd_filtered/prop_60_eps_0.008.vnnlib,360
onnx/resnet_2b.onnx,vnnlib_properties_pgd_filtered/resnet2b_pgd_filtered/prop_61_eps_0.008.vnnlib,360
onnx/resnet_2b.onnx,vnnlib_properties_pgd_filtered/resnet2b_pgd_filtered/prop_62_eps_0.008.vnnlib,360
onnx/resnet_2b.onnx,vnnlib_properties_pgd_filtered/resnet2b_pgd_filtered/prop_63_eps_0.008.vnnlib,360
onnx/resnet_2b.onnx,vnnlib_properties_pgd_filtered/resnet2b_pgd_filtered/prop_64_eps_0.008.vnnlib,360
onnx/resnet_2b.onnx,vnnlib_properties_pgd_filtered/resnet2b_pgd_filtered/prop_65_eps_0.008.vnnlib,360
onnx/resnet_2b.onnx,vnnlib_properties_pgd_filtered/resnet2b_pgd_filtered/prop_66_eps_0.008.vnnlib,360
onnx/resnet_2b.onnx,vnnlib_properties_pgd_filtered/resnet2b_pgd_filtered/prop_67_eps_0.008.vnnlib,360
onnx/resnet_2b.onnx,vnnlib_properties_pgd_filtered/resnet2b_pgd_filtered/prop_68_eps_0.008.vnnlib,360
onnx/resnet_2b.onnx,vnnlib_properties_pgd_filtered/resnet2b_pgd_filtered/prop_69_eps_0.008.vnnlib,360
onnx/resnet_2b.onnx,vnnlib_properties_pgd_filtered/resnet2b_pgd_filtered/prop_70_eps_0.008.vnnlib,360
onnx/resnet_2b.onnx,vnnlib_properties_pgd_filtered/resnet2b_pgd_filtered/prop_71_eps_0.008.vnnlib,360
onnx/resnet_2b.onnx,vnnlib_properties_pgd_filtered/resnet2b_pgd_filtered/prop_72_eps_0.008.vnnlib,360
onnx/resnet_2b.onnx,vnnlib_properties_pgd_filtered/resnet2b_pgd_filtered/prop_73_eps_0.008.vnnlib,360
onnx/resnet_2b.onnx,vnnlib_properties_pgd_filtered/resnet2b_pgd_filtered/prop_74_eps_0.008.vnnlib,360
onnx/resnet_2b.onnx,vnnlib_properties_pgd_filtered/resnet2b_pgd_filtered/prop_75_eps_0.008.vnnlib,360
onnx/resnet_2b.onnx,vnnlib_properties_pgd_filtered/resnet2b_pgd_filtered/prop_76_eps_0.008.vnnlib,360
onnx/resnet_2b.onnx,vnnlib_properties_pgd_filtered/resnet2b_pgd_filtered/prop_77_eps_0.008.vnnlib,360
onnx/resnet_2b.onnx,vnnlib_properties_pgd_filtered/resnet2b_pgd_filtered/prop_78_eps_0.008.vnnlib,360
onnx/resnet_2b.onnx,vnnlib_properties_pgd_filtered/resnet2b_pgd_filtered/prop_79_eps_0.008.vnnlib,360
onnx/resnet_2b.onnx,vnnlib_properties_pgd_filtered/resnet2b_pgd_filtered/prop_80_eps_0.008.vnnlib,360
onnx/resnet_2b.onnx,vnnlib_properties_pgd_filtered/resnet2b_pgd_filtered/prop_81_eps_0.008.vnnlib,360
onnx/resnet_2b.onnx,vnnlib_properties_pgd_filtered/resnet2b_pgd_filtered/prop_82_eps_0.008.vnnlib,360
onnx/resnet_2b.onnx,vnnlib_properties_pgd_filtered/resnet2b_pgd_filtered/prop_83_eps_0.008.vnnlib,360
onnx/resnet_2b.onnx,vnnlib_properties_pgd_filtered/resnet2b_pgd_filtered/prop_84_eps_0.008.vnnlib,360
onnx/resnet_2b.onnx,vnnlib_properties_pgd_filtered/resnet2b_pgd_filtered/prop_85_eps_0.008.vnnlib,360
onnx/resnet_2b.onnx,vnnlib_properties_pgd_filtered/resnet2b_pgd_filtered/prop_86_eps_0.008.vnnlib,360
onnx/resnet_2b.onnx,vnnlib_properties_pgd_filtered/resnet2b_pgd_filtered/prop_87_eps_0.008.vnnlib,360
onnx/resnet_2b.onnx,vnnlib_properties_pgd_filtered/resnet2b_pgd_filtered/prop_88_eps_0.008.vnnlib,360
onnx/resnet_2b.onnx,vnnlib_properties_pgd_filtered/resnet2b_pgd_filtered/prop_89_eps_0.008.vnnlib,360
onnx/resnet_2b.onnx,vnnlib_properties_pgd_filtered/resnet2b_pgd_filtered/prop_90_eps_0.008.vnnlib,360
onnx/resnet_2b.onnx,vnnlib_properties_pgd_filtered/resnet2b_pgd_filtered/prop_91_eps_0.008.vnnlib,360
onnx/resnet_2b.onnx,vnnlib_properties_pgd_filtered/resnet2b_pgd_filtered/prop_92_eps_0.008.vnnlib,360
onnx/resnet_2b.onnx,vnnlib_properties_pgd_filtered/resnet2b_pgd_filtered/prop_93_eps_0.008.vnnlib,360
onnx/resnet_2b.onnx,vnnlib_properties_pgd_filtered/resnet2b_pgd_filtered/prop_94_eps_0.008.vnnlib,360
onnx/resnet_2b.onnx,vnnlib_properties_pgd_filtered/resnet2b_pgd_filtered/prop_95_eps_0.008.vnnlib,360
onnx/resnet_2b.onnx,vnnlib_properties_pgd_filtered/resnet2b_pgd_filtered/prop_96_eps_0.008.vnnlib,360
onnx/resnet_2b.onnx,vnnlib_properties_pgd_filtered/resnet2b_pgd_filtered/prop_97_eps_0.008.vnnlib,360
onnx/resnet_2b.onnx,vnnlib_properties_pgd_filtered/resnet2b_pgd_filtered/prop_98_eps_0.008.vnnlib,360
onnx/resnet_2b.onnx,vnnlib_properties_pgd_filtered/resnet2b_pgd_filtered/prop_99_eps_0.008.vnnlib,360
