onnx/resnet_4b.onnx,vnnlib_properties/prop_0_eps_0.008.vnnlib,360
onnx/resnet_4b.onnx,vnnlib_properties/prop_1_eps_0.008.vnnlib,360
onnx/resnet_4b.onnx,vnnlib_properties/prop_2_eps_0.008.vnnlib,360
onnx/resnet_4b.onnx,vnnlib_properties/prop_3_eps_0.008.vnnlib,360
onnx/resnet_4b.onnx,vnnlib_properties/prop_4_eps_0.008.vnnlib,360
onnx/resnet_4b.onnx,vnnlib_properties/prop_5_eps_0.008.vnnlib,360
onnx/resnet_4b.onnx,vnnlib_properties/prop_6_eps_0.008.vnnlib,360
onnx/resnet_4b.onnx,vnnlib_properties/prop_7_eps_0.008.vnnlib,360
onnx/resnet_4b.onnx,vnnlib_properties/prop_8_eps_0.008.vnnlib,360
onnx/resnet_4b.onnx,vnnlib_properties/prop_9_eps_0.008.vnnlib,360
onnx/resnet_4b.onnx,vnnlib_properties/prop_10_eps_0.008.vnnlib,360
onnx/resnet_4b.onnx,vnnlib_properties/prop_11_eps_0.008.vnnlib,360
onnx/resnet_4b.onnx,vnnlib_properties/prop_12_eps_0.008.vnnlib,360
onnx/resnet_4b.onnx,vnnlib_properties/prop_13_eps_0.008.vnnlib,360
onnx/resnet_4b.onnx,vnnlib_properties/prop_14_eps_0.008.vnnlib,360
onnx/resnet_4b.onnx,vnnlib_properties/prop_15_eps_0.008.vnnlib,360
onnx/resnet_4b.onnx,vnnlib_properties/prop_16_eps_0.008.vnnlib,360
onnx/resnet_4b.onnx,vnnlib_properties/prop_17_eps_0.008.vnnlib,360
onnx/resnet_4b.onnx,vnnlib_properties/prop_18_eps_0.008.vnnlib,360
onnx/resnet_4b.onnx,vnnlib_properties/prop_19_eps_0.008.vnnlib,360
onnx/resnet_4b.onnx,vnnlib_properties/prop_20_eps_0.008.vnnlib,360
onnx/resnet_4b.onnx,vnnlib_properties/prop_21_eps_0.008.vnnlib,360
onnx/resnet_4b.onnx,vnnlib_properties/prop_22_eps_0.008.vnnlib,360
onnx/resnet_4b.onnx,vnnlib_properties/prop_23_eps_0.008.vnnlib,360
onnx/resnet_4b.onnx,vnnlib_properties/prop_24_eps_0.008.vnnlib,360
onnx/resnet_4b.onnx,vnnlib_properties/prop_25_eps_0.008.vnnlib,360
onnx/resnet_4b.onnx,vnnlib_properties/prop_26_eps_0.008.vnnlib,360
onnx/resnet_4b.onnx,vnnlib_properties/prop_27_eps_0.008.vnnlib,360
onnx/resnet_4b.onnx,vnnlib_properties/prop_28_eps_0.008.vnnlib,360
onnx/resnet_4b.onnx,vnnlib_properties/prop_29_eps_0.008.vnnlib,360
onnx/resnet_4b.onnx,vnnlib_properties/prop_30_eps_0.008.vnnlib,360
onnx/resnet_4b.onnx,vnnlib_properties/prop_31_eps_0.008.vnnlib,360
onnx/resnet_4b.onnx,vnnlib_properties/prop_32_eps_0.008.vnnlib,360
onnx/resnet_4b.onnx,vnnlib_properties/prop_33_eps_0.008.vnnlib,360
onnx/resnet_4b.onnx,vnnlib_properties/prop_34_eps_0.008.vnnlib,360
onnx/resnet_4b.onnx,vnnlib_properties/prop_35_eps_0.008.vnnlib,360
onnx/resnet_4b.onnx,vnnlib_properties/prop_36_eps_0.008.vnnlib,360
onnx/resnet_4b.onnx,vnnlib_properties/prop_37_eps_0.008.vnnlib,360
onnx/resnet_4b.onnx,vnnlib_properties/prop_38_eps_0.008.vnnlib,360
onnx/resnet_4b.onnx,vnnlib_properties/prop_39_eps_0.008.vnnlib,360
onnx/resnet_4b.onnx,vnnlib_properties/prop_40_eps_0.008.vnnlib,360
onnx/resnet_4b.onnx,vnnlib_properties/prop_41_eps_0.008.vnnlib,360
onnx/resnet_4b.onnx,vnnlib_properties/prop_42_eps_0.008.vnnlib,360
onnx/resnet_4b.onnx,vnnlib_properties/prop_43_eps_0.008.vnnlib,360
onnx/resnet_4b.onnx,vnnlib_properties/prop_44_eps_0.008.vnnlib,360
onnx/resnet_4b.onnx,vnnlib_properties/prop_45_eps_0.008.vnnlib,360
onnx/resnet_4b.onnx,vnnlib_properties/prop_46_eps_0.008.vnnlib,360
onnx/resnet_4b.onnx,vnnlib_properties/prop_47_eps_0.008.vnnlib,360
onnx/resnet_4b.onnx,vnnlib_properties/prop_48_eps_0.008.vnnlib,360
onnx/resnet_4b.onnx,vnnlib_properties/prop_49_eps_0.008.vnnlib,360
onnx/resnet_4b.onnx,vnnlib_properties/prop_50_eps_0.008.vnnlib,360
onnx/resnet_4b.onnx,vnnlib_properties/prop_51_eps_0.008.vnnlib,360
onnx/resnet_4b.onnx,vnnlib_properties/prop_52_eps_0.008.vnnlib,360
onnx/resnet_4b.onnx,vnnlib_properties/prop_53_eps_0.008.vnnlib,360
onnx/resnet_4b.onnx,vnnlib_properties/prop_54_eps_0.008.vnnlib,360
onnx/resnet_4b.onnx,vnnlib_properties/prop_55_eps_0.008.vnnlib,360
onnx/resnet_4b.onnx,vnnlib_properties/prop_56_eps_0.008.vnnlib,360
onnx/resnet_4b.onnx,vnnlib_properties/prop_57_eps_0.008.vnnlib,360
onnx/resnet_4b.onnx,vnnlib_properties/prop_58_eps_0.008.vnnlib,360
onnx/resnet_4b.onnx,vnnlib_properties/prop_59_eps_0.008.vnnlib,360
onnx/resnet_4b.onnx,vnnlib_properties/prop_60_eps_0.008.vnnlib,360
onnx/resnet_4b.onnx,vnnlib_properties/prop_61_eps_0.008.vnnlib,360
onnx/resnet_4b.onnx,vnnlib_properties/prop_62_eps_0.008.vnnlib,360
onnx/resnet_4b.onnx,vnnlib_properties/prop_63_eps_0.008.vnnlib,360
onnx/resnet_4b.onnx,vnnlib_properties/prop_64_eps_0.008.vnnlib,360
onnx/resnet_4b.onnx,vnnlib_properties/prop_65_eps_0.008.vnnlib,360
onnx/resnet_4b.onnx,vnnlib_properties/prop_66_eps_0.008.vnnlib,360
onnx/resnet_4b.onnx,vnnlib_properties/prop_67_eps_0.008.vnnlib,360
onnx/resnet_4b.onnx,vnnlib_properties/prop_68_eps_0.008.vnnlib,360
onnx/resnet_4b.onnx,vnnlib_properties/prop_69_eps_0.008.vnnlib,360
onnx/resnet_4b.onnx,vnnlib_properties/prop_70_eps_0.008.vnnlib,360
onnx/resnet_4b.onnx,vnnlib_properties/prop_71_eps_0.008.vnnlib,360
onnx/resnet_4b.onnx,vnnlib_properties/prop_72_eps_0.008.vnnlib,360
onnx/resnet_4b.onnx,vnnlib_properties/prop_73_eps_0.008.vnnlib,360
onnx/resnet_4b.onnx,vnnlib_properties/prop_74_eps_0.008.vnnlib,360
onnx/resnet_4b.onnx,vnnlib_properties/prop_75_eps_0.008.vnnlib,360
onnx/resnet_4b.onnx,vnnlib_properties/prop_76_eps_0.008.vnnlib,360
onnx/resnet_4b.onnx,vnnlib_properties/prop_77_eps_0.008.vnnlib,360
onnx/resnet_4b.onnx,vnnlib_properties/prop_78_eps_0.008.vnnlib,360
onnx/resnet_4b.onnx,vnnlib_properties/prop_79_eps_0.008.vnnlib,360
onnx/resnet_4b.onnx,vnnlib_properties/prop_80_eps_0.008.vnnlib,360
onnx/resnet_4b.onnx,vnnlib_properties/prop_81_eps_0.008.vnnlib,360
onnx/resnet_4b.onnx,vnnlib_properties/prop_82_eps_0.008.vnnlib,360
onnx/resnet_4b.onnx,vnnlib_properties/prop_83_eps_0.008.vnnlib,360
onnx/resnet_4b.onnx,vnnlib_properties/prop_84_eps_0.008.vnnlib,360
onnx/resnet_4b.onnx,vnnlib_properties/prop_85_eps_0.008.vnnlib,360
onnx/resnet_4b.onnx,vnnlib_properties/prop_86_eps_0.008.vnnlib,360
onnx/resnet_4b.onnx,vnnlib_properties/prop_87_eps_0.008.vnnlib,360
onnx/resnet_4b.onnx,vnnlib_properties/prop_88_eps_0.008.vnnlib,360
onnx/resnet_4b.onnx,vnnlib_properties/prop_89_eps_0.008.vnnlib,360
onnx/resnet_4b.onnx,vnnlib_properties/prop_90_eps_0.008.vnnlib,360
onnx/resnet_4b.onnx,vnnlib_properties/prop_91_eps_0.008.vnnlib,360
onnx/resnet_4b.onnx,vnnlib_properties/prop_92_eps_0.008.vnnlib,360
onnx/resnet_4b.onnx,vnnlib_properties/prop_93_eps_0.008.vnnlib,360
onnx/resnet_4b.onnx,vnnlib_properties/prop_94_eps_0.008.vnnlib,360
onnx/resnet_4b.onnx,vnnlib_properties/prop_95_eps_0.008.vnnlib,360
onnx/resnet_4b.onnx,vnnlib_properties/prop_96_eps_0.008.vnnlib,360
onnx/resnet_4b.onnx,vnnlib_properties/prop_97_eps_0.008.vnnlib,360
onnx/resnet_4b.onnx,vnnlib_properties/prop_98_eps_0.008.vnnlib,360
onnx/resnet_4b.onnx,vnnlib_properties/prop_99_eps_0.008.vnnlib,360
